Date	Close	Open	High	Low	Volume
2014-01-02	50.47	51.76	51.86	50.28	918
2014-01-03	50.37	50.67	50.67	49.98	798
2014-01-06	49.78	50.37	50.37	49.58	836
2014-01-07	49.98	49.88	50.18	49.68	734
2014-01-08	49.49	50.18	50.18	49.39	1321
2014-01-09	48.89	49.49	49.68	48.7	1131
2014-01-10	48.84	49.58	49.58	48.2	974
2014-01-13	49.39	48.4	49.88	48.3	1789
2014-01-14	48.99	49.39	49.39	48.6	843
2014-01-15	49.09	49.04	49.98	48.94	895
2014-01-16	48.89	49.09	49.24	48.7	449
2014-01-17	48.84	48.99	49.14	48.6	535
2014-01-20	49.14	48.84	49.14	48.84	371
2014-01-21	49.04	49.14	49.39	48.89	497
2014-01-22	48.75	48.84	48.99	48.6	734
2014-01-23	47.56	48.65	48.7	47.56	1566
2014-01-24	47.66	47.41	47.91	47.26	864
2014-01-27	47.46	47.51	47.76	46.92	1299
2014-02-05	47.41	47.36	47.61	46.97	1633
2014-02-06	47.41	47.41	47.86	47.41	1394
2014-02-07	48.55	47.81	49.04	47.46	1096
2014-02-10	49.34	48.99	49.58	48.89	754
2014-02-11	48.84	49.39	49.49	48.7	451
2014-02-12	48.79	48.65	49.39	48.45	552
2014-02-13	49.04	48.5	49.19	48.5	492
2014-02-14	49.39	48.99	49.78	48.79	1156
2014-02-17	50.37	49.88	50.37	49.58	939
2014-02-18	49.88	50.57	50.77	49.88	1028
2014-02-19	49.39	49.88	50.28	49.19	593
2014-02-20	49.34	49.19	49.39	48.99	234
2014-02-21	49.34	49.39	49.68	49.34	265
2014-02-24	48.89	49.34	49.49	48.89	244
2014-02-25	48.65	48.89	49.24	48.6	329
2014-02-26	48.4	48.65	48.84	48.4	1032
2014-02-27	48.35	48.4	48.79	48.35	414
2014-03-03	48.45	48.35	48.6	48.1	300
2014-03-04	48.25	48.75	48.75	48.2	183
2014-03-05	48.25	48.4	48.55	48.05	294
2014-03-06	47.86	48.1	48.15	47.71	882
2014-03-07	47.66	47.91	48.2	47.66	511
2014-03-10	47.41	47.66	47.81	47.41	824
2014-03-11	47.46	47.41	47.71	47.41	348
2014-03-12	47.41	47.41	47.71	47.36	230
2014-03-13	47.46	47.41	47.81	47.26	633
2014-03-14	47.51	47.41	47.86	47.21	662
2014-03-17	48.2	47.91	48.4	47.71	917
2014-03-18	48.0	48.6	48.6	47.66	726
2014-03-19	47.41	48.0	48.1	47.41	489
2014-03-20	46.92	47.31	47.41	46.67	645
2014-03-21	46.28	46.92	46.97	45.44	1052
2014-03-24	46.08	45.93	46.28	45.78	601
2014-03-25	46.03	46.08	46.33	46.03	683
2014-03-26	46.52	46.42	46.82	46.42	409
2014-03-27	46.42	46.52	46.97	46.18	411
2014-03-28	46.18	46.42	46.52	46.18	457
2014-03-31	45.34	46.08	46.08	44.99	1618
2014-04-01	45.24	45.44	45.44	45.14	618
2014-04-02	44.99	45.34	45.34	44.84	1596
2014-04-03	45.14	44.79	45.24	44.79	836
2014-04-07	44.55	45.04	45.04	44.4	1399
2014-04-08	44.55	44.55	44.6	44.4	1199
2014-04-09	44.55	44.55	44.65	44.45	1140
2014-04-10	44.6	44.55	44.94	44.55	993
2014-04-11	44.45	44.6	44.65	44.4	613
2014-04-14	44.45	44.45	44.74	44.3	716
2014-04-15	45.24	44.55	45.24	44.35	629
2014-04-16	45.24	45.24	45.34	44.84	679
2014-04-17	45.58	45.24	45.68	45.24	872
2014-04-18	45.63	45.78	45.78	45.44	625
2014-04-21	45.29	45.63	45.63	45.29	365
2014-04-22	44.7	44.94	45.19	44.6	913
2014-04-23	44.65	44.74	44.99	44.65	666
2014-04-24	44.5	44.7	44.89	44.5	831
2014-04-25	43.56	44.5	44.65	42.87	1033
2014-04-28	44.3	43.02	44.3	42.97	578
2014-04-29	44.45	45.14	45.29	44.3	1322
2014-04-30	44.3	44.55	44.6	44.2	822
2014-05-02	44.45	43.95	44.45	43.95	613
2014-05-05	44.4	44.45	44.45	44.25	772
2014-05-06	44.2	44.4	44.45	44.0	811
2014-05-07	44.4	44.45	44.5	44.1	988
2014-05-08	44.35	44.45	44.45	44.25	393
2014-05-09	44.15	44.15	44.45	44.15	157
2014-05-12	43.16	44.15	44.25	43.07	628
2014-05-13	42.23	43.26	43.76	42.23	955
2014-05-14	42.47	42.28	42.77	42.23	583
2014-05-15	41.98	42.47	42.67	41.88	505
2014-05-16	41.53	41.98	42.08	41.39	1256
2014-05-19	41.58	41.53	41.58	41.34	886
2014-05-20	41.68	41.78	41.78	41.29	940
2014-05-21	41.49	41.49	41.58	41.44	873
2014-05-22	42.13	41.53	42.32	41.53	626
2014-05-23	43.21	42.42	43.21	42.28	754
2014-05-26	44.25	43.26	44.65	43.26	1558
2014-05-27	44.35	44.25	44.6	43.71	1211
2014-05-28	44.45	44.4	44.65	44.35	1163
2014-05-29	44.25	44.45	44.55	44.1	997
2014-05-30	44.45	44.25	44.6	43.76	1021
2014-06-03	44.99	44.45	45.04	44.45	876
2014-06-04	45.93	44.99	45.93	44.55	1617
2014-06-05	45.04	45.93	46.08	44.94	1096
2014-06-06	44.35	45.04	45.04	44.1	1664
2014-06-09	43.76	44.35	44.45	43.71	926
2014-06-10	43.66	43.76	44.35	43.51	391
2014-06-11	44.3	43.51	44.3	43.51	570
2014-06-12	44.7	44.0	44.74	43.95	638
2014-06-13	44.55	44.45	44.7	44.45	750
2014-06-16	44.74	44.65	44.74	44.55	590
2014-06-17	44.55	44.55	44.84	44.5	498
2014-06-18	45.04	44.45	45.39	43.91	855
2014-06-19	44.55	45.04	45.04	44.45	491
2014-06-20	44.5	44.55	44.84	44.5	319
2014-06-23	44.15	44.35	44.65	44.05	419
2014-06-24	44.6	44.2	44.65	44.2	451
2014-06-25	44.45	44.15	44.65	44.15	263
2014-06-26	44.55	44.45	44.65	44.2	628
2014-06-27	44.45	44.65	44.94	44.45	350
2014-06-30	44.55	44.94	44.94	44.45	344
2014-07-01	44.3	44.55	44.79	44.15	605
2014-07-02	44.25	44.45	44.65	44.15	496
2014-07-03	44.5	44.45	44.6	44.25	687
2014-07-04	45.73	44.55	45.98	44.5	1553
2014-07-07	45.83	46.13	46.62	45.53	1823
2014-07-08	45.93	45.83	46.13	45.73	772
2014-07-09	45.93	45.63	46.03	45.34	1514
2014-07-10	46.97	45.93	47.21	45.83	1903
2014-07-11	47.66	46.92	47.81	46.57	2969
2014-07-14	49.39	47.91	49.58	47.46	4413
2014-07-15	48.05	49.39	49.49	47.56	2068
2014-07-16	47.02	47.66	48.0	46.23	1832
2014-07-17	47.91	47.02	47.91	46.33	837
2014-07-18	47.81	47.61	47.91	47.21	415
2014-07-21	48.35	47.81	48.94	47.51	2124
2014-07-22	47.6	48.6	48.7	47.55	1275
2014-07-24	48.0	48.0	48.3	47.65	883
2014-07-25	47.0	48.0	48.0	46.65	815
2014-07-28	47.2	47.05	47.65	46.5	768
2014-07-29	48.65	47.75	48.7	47.3	2043
2014-07-30	48.3	48.9	48.9	47.6	1766
2014-07-31	48.25	48.25	48.35	47.35	982
2014-08-01	47.3	46.0	47.8	46.0	296
2014-08-04	47.8	47.3	48.2	47.15	583
2014-08-05	46.5	48.2	48.2	46.3	1406
2014-08-06	45.6	46.55	46.75	45.0	989
2014-08-07	46.3	45.6	46.4	45.3	538
2014-08-08	46.35	45.65	46.35	45.65	690
2014-08-11	46.6	46.5	46.9	46.3	328
2014-08-12	46.7	46.6	47.25	46.4	492
2014-08-13	47.0	47.05	47.3	46.75	681
2014-08-14	45.3	47.3	47.4	45.3	533
2014-08-15	43.8	45.3	45.5	43.75	1460
2014-08-18	42.3	43.8	44.1	42.2	1559
2014-08-19	43.2	42.45	43.5	42.45	1034
2014-08-20	43.2	43.5	43.5	42.95	624
2014-08-21	43.85	43.3	43.85	43.05	369
2014-08-22	44.2	44.2	44.3	43.95	486
2014-08-25	44.1	44.3	44.3	43.8	293
2014-08-26	44.05	44.3	44.3	44.05	249
2014-08-27	44.5	44.05	44.55	44.05	480
2014-08-28	44.25	44.5	44.7	43.9	433
2014-08-29	44.0	44.25	44.3	43.75	497
2014-09-01	43.7	44.0	44.3	43.7	496
2014-09-02	43.25	43.75	43.75	43.1	554
2014-09-03	43.2	43.25	43.4	43.1	262
2014-09-04	43.4	43.3	43.75	43.3	344
2014-09-05	40.4	40.4	40.4	40.4	2082
2014-09-09	39.1	39.6	40.2	37.6	13746
2014-09-10	38.6	38.5	38.65	38.2	4983
2014-09-11	39.0	38.8	39.65	38.65	4454
2014-09-12	38.35	39.1	39.1	38.3	2487
2014-09-15	37.75	37.65	38.5	37.6	2165
2014-09-16	37.65	37.75	37.9	37.65	1529
2014-09-17	37.65	38.0	38.35	37.6	1765
2014-09-18	38.2	37.9	38.25	37.6	1166
2014-09-19	38.45	38.25	38.45	38.0	1202
2014-09-22	38.05	38.45	38.45	37.65	1562
2014-09-23	37.8	38.0	38.05	37.7	1090
2014-09-24	37.4	37.95	37.95	36.9	1681
2014-09-25	37.0	37.5	37.6	37.0	881
2014-09-26	36.6	36.8	36.85	36.55	1076
2014-09-29	36.3	36.6	36.8	36.3	692
2014-09-30	36.05	36.3	36.5	35.45	1374
2014-10-01	36.15	35.7	36.45	35.7	612
2014-10-02	35.7	36.0	36.15	35.7	785
2014-10-03	36.5	35.75	36.5	35.75	1289
2014-10-06	36.0	36.5	36.5	36.0	578
2014-10-07	36.1	36.0	36.6	35.75	754
2014-10-08	33.6	36.0	36.25	33.6	4099
2014-10-09	31.5	32.5	33.6	31.25	6307
2014-10-13	29.3	29.3	29.3	29.3	363
2014-10-14	27.25	27.25	27.25	27.25	202
2014-10-15	25.35	25.35	25.35	25.35	856
2014-10-16	23.6	23.6	23.6	23.6	636
2014-10-17	25.25	21.95	25.25	21.95	31149
2014-10-20	27.0	25.3	27.0	24.5	28027
2014-10-21	25.15	27.3	27.7	25.15	23408
2014-10-22	24.5	25.2	25.4	23.4	21129
2014-10-23	24.95	24.45	25.4	24.0	10495
2014-10-24	24.35	25.0	25.3	23.7	12467
2014-10-27	23.65	23.9	24.15	23.1	8200
2014-10-28	24.1	23.65	24.25	23.45	6906
2014-10-29	24.7	24.1	25.1	23.25	11827
2014-10-30	25.65	24.5	26.4	24.05	15325
2014-10-31	25.3	25.45	25.7	24.9	7089
2014-11-03	26.15	25.1	26.4	25.1	9114
2014-11-04	26.5	26.2	27.1	26.15	8686
2014-11-05	25.75	26.5	26.9	25.5	8740
2014-11-06	25.6	25.75	25.95	25.6	3039
2014-11-07	25.4	25.6	25.65	25.2	3149
2014-11-10	25.5	25.4	25.55	25.25	3537
2014-11-11	25.9	25.7	26.25	25.65	4170
2014-11-12	27.7	26.9	27.7	26.3	10169
2014-11-13	26.4	28.5	28.8	26.4	21382
2014-11-14	28.2	26.4	28.2	26.1	14972
2014-11-17	29.25	28.4	29.7	27.5	18754
2014-11-18	29.0	29.25	30.15	28.85	14375
2014-11-19	28.65	28.8	29.4	28.55	6450
2014-11-20	28.1	28.5	28.9	28.0	7887
2014-11-21	28.3	28.1	28.7	28.05	4607
2014-11-24	28.2	28.4	28.75	28.2	2984
2014-11-25	28.0	28.3	28.4	28.0	3104
2014-11-26	28.05	28.0	28.8	28.0	4843
2014-11-27	28.1	28.6	28.65	28.1	2929
2014-11-28	28.3	28.2	28.3	28.1	1743
2014-12-01	28.05	27.55	28.2	27.4	2498
2014-12-02	28.1	28.1	28.95	28.1	5264
2014-12-03	26.15	28.0	28.2	26.15	18214
2014-12-04	25.7	26.15	26.15	24.8	9724
2014-12-05	26.1	25.5	26.4	25.5	4327
2014-12-08	25.85	26.6	26.75	25.8	3083
2014-12-09	25.5	25.85	26.0	25.5	2715
2014-12-10	25.5	25.5	25.75	25.5	1887
2014-12-11	25.85	25.4	25.85	25.35	1843
2014-12-12	25.75	25.95	26.1	25.55	1974
2014-12-15	25.4	25.55	25.65	25.35	1256
2014-12-16	25.4	25.55	25.75	25.35	1492
2014-12-17	25.2	25.4	25.6	25.1	1431
2014-12-18	24.75	25.2	25.45	24.6	2853
2014-12-19	24.2	24.9	25.05	24.2	3742
2014-12-22	24.35	24.2	24.35	23.65	2697
2014-12-23	24.7	24.45	25.1	24.25	3442
2014-12-24	24.5	24.0	24.7	24.0	1876
2014-12-25	24.6	24.6	24.75	24.5	959
2014-12-26	24.9	24.7	25.05	24.7	1552
2014-12-27	25.0	25.1	25.15	24.9	1221
2014-12-29	24.8	24.0	24.9	24.0	2062
2014-12-30	25.0	24.8	25.3	24.7	1951
2014-12-31	25.0	25.0	25.2	24.8	1269
2015-01-05	25.0	25.0	25.1	24.7	1167
2015-01-06	24.85	24.9	24.95	24.7	1429
2015-01-07	24.6	24.85	24.9	24.5	1092
2015-01-08	24.65	24.7	25.0	24.65	1306
2015-01-09	24.75	25.0	25.05	24.7	823
2015-01-12	24.7	24.65	24.75	24.35	1216
2015-01-13	24.55	24.7	24.7	24.5	762
2015-01-14	24.3	24.55	24.7	24.25	1415
2015-01-15	24.4	24.3	24.45	24.3	605
2015-01-16	24.35	24.4	24.5	24.3	870
2015-01-19	24.2	24.4	24.8	24.2	928
2015-01-20	24.35	24.3	24.65	24.2	1676
2015-01-21	24.35	24.35	24.55	24.3	887
2015-01-22	24.45	24.5	24.55	24.35	789
2015-01-23	26.15	25.45	26.15	25.3	4347
2015-01-26	26.35	26.75	26.8	26.15	9632
2015-01-27	26.0	26.35	26.6	25.9	3139
2015-01-28	26.3	25.9	26.65	25.65	4934
2015-01-29	26.05	26.3	26.5	26.0	1877
2015-01-30	25.9	26.2	26.25	25.9	1151
2015-02-02	25.3	25.9	25.9	25.2	2034
2015-02-03	25.35	25.3	25.5	25.3	822
2015-02-04	25.25	25.5	25.6	25.25	1319
2015-02-05	25.45	25.25	25.45	25.15	710
2015-02-06	25.5	25.45	25.5	25.3	679
2015-02-09	25.55	25.5	25.95	25.4	1089
2015-02-10	25.35	25.55	25.65	25.2	624
2015-02-11	25.05	25.35	25.4	25.05	804
2015-02-12	24.9	25.05	25.15	24.9	778
2015-02-13	25.05	25.0	25.1	24.95	382
2015-02-24	25.3	25.05	25.5	25.05	1148
2015-02-25	25.3	25.3	25.45	25.2	759
2015-02-26	25.3	25.15	25.45	25.1	621
2015-03-02	25.6	25.45	25.7	25.45	1252
2015-03-03	25.95	25.95	26.3	25.9	3310
2015-03-04	25.9	26.0	26.1	25.8	1033
2015-03-05	25.85	25.9	25.9	25.7	782
2015-03-06	25.8	25.85	25.95	25.75	599
2015-03-09	25.55	25.75	25.8	25.5	615
2015-03-10	25.6	25.55	25.75	25.55	510
2015-03-11	25.4	25.4	25.6	25.35	787
2015-03-12	25.25	25.5	25.6	25.25	848
2015-03-13	25.4	25.3	25.5	25.3	416
2015-03-16	25.25	25.4	25.5	25.25	458
2015-03-17	25.2	25.25	25.4	25.2	944
2015-03-18	25.3	25.2	25.35	25.2	566
2015-03-19	25.25	25.35	25.55	25.25	640
2015-03-20	25.15	25.5	25.5	25.15	688
2015-03-23	25.15	25.2	25.4	25.1	602
2015-03-24	25.15	25.15	25.3	25.1	734
2015-03-25	25.15	25.25	25.3	25.15	615
2015-03-26	25.2	25.1	25.3	25.05	794
2015-03-27	25.2	25.2	25.3	25.1	588
2015-03-30	25.05	25.2	25.2	25.05	1017
2015-03-31	25.05	25.05	25.15	25.0	656
2015-04-01	24.75	25.0	25.0	24.55	1338
2015-04-02	24.55	24.75	24.9	24.5	1316
2015-04-07	24.1	24.55	24.55	23.9	2373
2015-04-08	24.05	24.0	24.1	23.85	1221
2015-04-09	24.5	24.05	24.7	23.95	1727
2015-04-10	24.65	24.5	24.8	24.5	898
2015-04-13	24.5	24.75	24.75	24.4	675
2015-04-14	24.5	24.5	24.85	24.5	568
2015-04-15	24.5	24.5	24.7	24.5	772
2015-04-16	24.25	24.5	24.55	24.2	605
2015-04-17	24.4	24.25	24.45	23.95	1142
2015-04-20	24.15	24.25	24.3	24.1	572
2015-04-21	24.1	24.2	24.4	24.0	854
2015-04-22	24.1	24.0	24.1	23.95	648
2015-04-23	24.25	24.1	24.25	23.95	1309
2015-04-24	24.2	24.15	24.4	24.1	751
2015-04-27	24.05	24.2	24.3	24.05	680
2015-04-28	24.0	24.05	24.1	23.8	1370
2015-04-29	23.9	24.0	24.05	23.9	959
2015-04-30	24.05	24.0	24.05	23.9	572
2015-05-04	23.9	24.05	24.1	23.9	432
2015-05-05	23.85	23.95	24.0	23.8	783
2015-05-06	23.65	23.85	23.9	23.65	1023
2015-05-07	23.4	23.65	23.7	23.2	1880
2015-05-08	22.6	23.4	23.4	22.55	2153
2015-05-11	21.6	22.6	22.6	21.45	2733
2015-05-12	23.1	21.6	23.1	21.6	2907
2015-05-13	23.0	23.25	23.35	22.75	1539
2015-05-14	22.45	23.0	23.0	22.4	814
2015-05-15	22.7	22.5	22.85	22.5	554
2015-05-18	22.65	22.7	22.9	22.5	543
2015-05-19	22.65	22.65	22.75	22.5	637
2015-05-20	22.25	22.65	22.65	22.2	852
2015-05-21	22.2	22.25	22.4	22.0	1050
2015-05-22	22.0	22.2	22.25	22.0	676
2015-05-25	21.9	22.0	22.25	21.9	704
2015-05-26	21.75	21.95	22.0	21.65	741
2015-05-27	22.3	21.75	22.4	21.75	1037
2015-05-28	22.1	22.3	22.3	22.05	595
2015-05-29	21.9	22.3	22.3	21.9	688
2015-06-01	22.05	21.9	22.15	21.9	389
2015-06-02	21.85	22.1	22.15	21.85	546
2015-06-03	21.7	21.85	21.95	21.7	596
2015-06-04	20.8	21.7	21.8	20.65	1610
2015-06-05	21.0	20.8	21.0	19.4	2102
2015-06-08	20.75	21.0	21.2	20.5	821
2015-06-09	20.25	20.6	20.7	20.0	1327
2015-06-10	20.75	20.05	21.05	20.05	862
2015-06-11	20.1	20.45	20.6	20.1	833
2015-06-12	20.15	20.1	20.3	20.05	412
2015-06-15	20.15	20.5	20.5	20.05	371
2015-06-16	19.5	20.15	20.2	19.5	1121
2015-06-17	18.95	19.5	19.55	18.6	3578
2015-06-18	18.75	18.9	18.9	18.5	1939
2015-06-22	18.75	18.75	18.8	18.55	1402
2015-06-23	18.95	18.75	19.4	18.75	1136
2015-06-24	19.2	19.0	19.45	19.0	1672
2015-06-25	19.75	19.3	19.9	19.3	2853
2015-06-26	19.55	19.8	19.9	19.5	873
2015-06-29	19.15	19.4	19.4	19.15	754
2015-06-30	19.15	19.15	19.25	19.1	882
2015-07-01	19.5	19.1	19.55	19.1	727
2015-07-02	19.55	19.7	19.85	19.45	831
2015-07-03	19.35	19.55	19.65	19.25	418
2015-07-06	19.4	19.35	19.5	19.25	562
2015-07-07	19.65	19.4	19.8	19.4	1051
2015-07-08	19.25	19.7	19.7	19.15	1371
2015-07-09	19.1	19.0	19.15	18.7	1412
2015-07-13	19.4	19.2	19.5	19.2	914
2015-07-14	19.45	19.3	19.45	19.25	608
2015-07-15	19.3	19.45	19.45	19.25	259
2015-07-16	19.4	19.4	19.5	19.3	361
2015-07-17	19.4	19.55	19.6	19.35	563
2015-07-20	19.6	19.4	19.7	19.4	914
2015-07-21	21.35	19.65	21.55	19.65	4589
2015-07-22	21.95	21.5	22.3	21.4	5101
2015-07-23	21.7	21.95	22.15	21.45	2091
2015-07-24	21.3	21.7	21.7	21.1	1479
2015-07-27	20.35	21.25	21.25	20.0	2076
2015-07-28	20.6	20.45	20.85	20.35	1070
2015-07-29	21.2	21.0	21.2	20.8	1307
2015-07-30	21.8	21.4	22.2	21.4	2243
2015-07-31	21.5	21.8	21.8	21.35	1106
2015-08-03	21.05	21.4	21.5	21.05	782
2015-08-04	22.5	21.05	23.15	21.05	3954
2015-08-05	22.9	22.6	23.35	22.5	3225
2015-08-06	23.15	22.9	23.25	22.55	2987
2015-08-07	22.9	23.0	23.2	22.7	1536
2015-08-10	24.0	22.9	24.2	22.85	5003
2015-08-11	23.3	24.3	24.4	23.1	3384
2015-08-12	23.4	23.1	23.5	22.65	1829
2015-08-13	23.05	23.65	23.65	22.65	1469
2015-08-14	23.1	23.1	23.5	22.8	1401
2015-08-17	22.05	22.7	22.7	22.0	2327
2015-08-18	22.15	21.85	22.55	21.8	1656
2015-08-19	20.25	22.15	22.15	20.15	3062
2015-08-20	20.4	20.1	20.4	19.3	2507
2015-08-21	19.9	20.0	20.15	19.75	1532
2015-08-24	18.2	19.4	19.4	17.95	3334
2015-08-25	18.35	18.0	18.35	17.55	2351
2015-08-26	18.4	18.35	18.5	18.0	1090
2015-08-27	19.0	18.95	19.5	18.7	1435
2015-08-28	19.6	19.5	19.8	19.45	1344
2015-08-31	19.5	19.6	19.7	19.2	746
2015-09-01	19.25	19.65	19.65	19.2	723
2015-09-02	19.2	18.9	19.2	18.8	623
2015-09-03	19.25	19.3	19.45	19.25	516
2015-09-04	18.9	19.35	19.5	18.85	1037
2015-09-07	18.9	18.8	19.3	18.8	554
2015-09-08	18.95	19.2	19.2	18.8	532
2015-09-09	19.25	19.15	19.35	19.05	931
2015-09-10	19.15	19.05	19.2	19.05	475
2015-09-11	19.65	19.25	19.75	19.1	1375
2015-09-14	20.0	20.0	20.3	19.85	1835
2015-09-15	19.7	20.15	20.15	19.65	775
2015-09-16	19.85	19.95	19.95	19.7	587
2015-09-17	20.1	19.95	20.3	19.95	1153
2015-09-18	19.9	20.1	20.2	19.9	1523
2015-09-21	19.6	19.8	19.8	19.35	1017
2015-09-22	19.45	19.6	19.8	19.45	1016
2015-09-23	19.25	19.45	19.45	19.1	933
2015-09-24	19.1	19.25	19.3	18.95	825
2015-09-25	19.1	19.1	19.2	18.95	539
2015-09-30	19.3	18.9	19.35	18.85	516
2015-10-01	20.05	19.6	20.75	19.5	2238
2015-10-02	20.1	20.5	20.55	19.8	1686
2015-10-05	20.95	20.3	20.95	20.3	2633
2015-10-06	20.85	21.0	21.1	20.5	1791
2015-10-07	20.5	20.7	20.7	20.45	973
2015-10-08	20.05	20.7	20.7	20.05	1226
2015-10-12	20.2	20.0	20.25	20.0	871
2015-10-13	20.05	20.0	20.15	19.8	1077
2015-10-14	20.05	20.05	20.35	20.05	1234
2015-10-15	20.15	20.15	20.2	19.95	1233
2015-10-16	20.1	20.2	20.25	19.95	2116
2015-10-19	20.0	20.25	20.25	19.85	1325
2015-10-20	20.05	20.1	20.2	19.95	940
2015-10-21	20.5	20.05	20.6	20.05	3306
2015-10-22	20.3	20.4	20.75	20.3	1411
2015-10-23	20.2	20.5	20.5	20.1	1841
2015-10-26	20.1	20.25	20.4	20.1	1622
2015-10-27	19.75	20.2	20.2	19.65	2315
2015-10-28	19.35	19.75	19.8	19.3	2274
2015-10-29	19.5	19.5	19.7	19.35	1032
2015-10-30	19.4	19.7	19.7	19.3	680
2015-11-02	19.4	19.4	19.45	19.2	528
2015-11-03	19.6	19.45	19.75	19.45	774
2015-11-04	19.9	19.6	19.95	19.6	1100
2015-11-05	19.9	19.95	20.0	19.9	985
2015-11-06	19.95	20.05	20.2	19.9	1183
2015-11-09	19.8	20.0	20.1	19.75	4824
2015-11-10	19.85	19.85	19.9	19.6	320
2015-11-11	19.5	19.95	19.95	19.5	726
2015-11-12	20.0	19.8	20.3	19.5	1226
2015-11-13	19.6	20.0	20.0	19.6	890
2015-11-16	19.15	19.4	19.45	19.0	815
2015-11-17	18.95	19.2	19.3	18.55	1750
2015-11-18	18.85	19.05	19.1	18.8	864
2015-11-19	18.95	18.85	19.2	18.85	847
2015-11-20	18.95	19.0	19.0	18.85	264
2015-11-23	19.0	18.95	19.1	18.8	571
2015-11-24	18.7	19.0	19.15	18.7	680
2015-11-25	18.85	18.9	18.9	18.5	952
2015-11-26	18.7	18.85	18.95	18.7	803
2015-11-27	18.7	18.7	18.85	18.7	408
2015-11-30	18.35	18.5	18.5	17.55	2519
2015-12-01	18.5	18.2	19.15	17.95	1279
2015-12-02	17.8	18.0	18.2	17.8	2432
2015-12-03	17.45	17.5	17.6	17.1	3172
2015-12-04	17.5	17.25	17.5	17.25	898
2015-12-07	17.25	17.45	17.5	17.1	1274
2015-12-08	16.0	17.1	17.2	16.0	5785
2015-12-09	16.0	16.0	16.35	15.85	1954
2015-12-10	16.35	16.0	16.55	15.85	1560
2015-12-11	16.45	16.4	16.7	16.35	1887
2015-12-14	17.05	16.2	17.05	16.15	2826
2015-12-15	17.75	17.35	17.9	17.25	3094
2015-12-16	18.55	17.95	18.7	17.95	4208
2015-12-17	18.15	18.55	18.55	17.95	1554
2015-12-18	18.5	18.15	18.5	18.05	1519
2015-12-21	18.3	18.4	18.55	18.3	1444
2015-12-22	18.4	18.3	18.4	18.05	1240
2015-12-23	18.25	18.4	18.45	18.25	512
2015-12-24	18.25	18.45	18.45	18.2	561
2015-12-25	18.1	18.25	18.25	18.05	728
2015-12-28	17.55	18.1	18.3	17.35	1968
2015-12-29	17.5	17.55	17.8	17.15	1952
2015-12-30	17.35	17.95	17.95	17.3	1128
2015-12-31	17.5	17.35	17.55	17.35	542
2016-01-04	17.25	17.6	17.7	17.0	1417
2016-01-05	17.1	17.05	17.4	17.0	599
2016-01-06	17.05	17.1	17.25	16.9	747
2016-01-07	17.0	17.05	17.05	16.7	1585
2016-01-08	17.1	16.95	17.15	16.85	504
2016-01-11	16.9	17.1	17.1	16.75	484
2016-01-12	16.8	16.7	17.1	16.7	610
2016-01-13	16.95	16.8	16.95	16.65	543
2016-01-14	17.0	16.9	17.1	16.65	1222
2016-01-15	16.9	17.2	17.25	16.85	796
2016-01-18	17.7	16.9	17.9	16.85	1275
2016-01-19	17.85	17.9	17.95	17.7	735
2016-01-20	17.85	17.9	18.15	17.75	1313
2016-01-21	17.65	17.8	17.9	17.5	470
2016-01-22	17.55	17.8	17.95	17.35	820
2016-01-25	17.55	17.8	17.8	17.5	301
2016-01-26	17.5	17.8	17.8	17.5	161
2016-01-27	17.45	17.5	17.6	17.35	395
2016-01-28	17.5	17.4	17.55	17.35	274
2016-01-29	17.6	17.5	17.6	17.4	333
2016-01-30	18.1	17.75	18.4	17.65	963
2016-02-01	17.9	18.1	18.1	17.8	329
2016-02-02	17.85	17.9	18.1	17.8	491
2016-02-03	17.8	18.0	18.0	17.8	735
2016-02-15	17.65	17.8	17.9	17.6	253
2016-02-16	18.1	17.65	18.1	17.65	627
2016-02-17	17.85	18.1	18.1	17.85	268
2016-02-18	17.9	18.0	18.0	17.85	421
2016-02-19	17.95	17.9	18.0	17.85	590
2016-02-22	17.8	17.95	17.95	17.7	580
2016-02-23	17.75	17.85	17.95	17.75	429
2016-02-24	18.3	17.9	18.45	17.9	2129
2016-02-25	18.2	18.3	18.3	18.1	622
2016-02-26	18.3	18.25	18.3	18.1	694
2016-03-01	18.45	18.15	18.5	18.1	857
2016-03-02	18.4	18.45	18.5	18.35	650
2016-03-03	18.5	18.4	18.5	18.35	659
2016-03-04	19.15	18.5	19.2	18.45	2380
2016-03-07	20.0	19.2	20.0	19.15	3114
2016-03-08	20.15	20.15	20.6	19.8	3394
2016-03-09	19.95	20.1	20.2	19.8	1484
2016-03-10	20.0	19.95	20.05	19.85	1154
2016-03-11	19.95	19.8	20.0	19.8	748
2016-03-14	21.9	20.05	21.9	20.05	5771
2016-03-15	22.0	23.0	23.2	21.9	8833
2016-03-16	21.55	22.1	22.2	21.2	2690
2016-03-17	21.05	22.0	22.15	20.95	2249
2016-03-18	21.7	21.05	22.05	21.0	2656
2016-03-21	21.45	21.5	21.65	21.15	1179
2016-03-22	21.25	21.45	21.5	21.0	899
2016-03-23	21.3	21.25	21.4	21.25	665
2016-03-24	20.65	21.3	21.3	20.55	1574
2016-03-25	20.75	20.7	20.85	20.55	985
2016-03-28	20.1	20.75	20.8	20.1	1190
2016-03-29	19.6	20.1	20.45	19.5	1535
2016-03-30	19.85	19.6	20.05	19.5	833
2016-03-31	19.8	20.0	20.05	19.75	509
2016-04-01	19.9	19.05	20.1	19.0	1781
2016-04-06	19.55	19.8	19.8	19.4	881
2016-04-07	19.4	19.45	19.7	19.4	680
2016-04-08	19.5	19.5	19.65	19.3	402
2016-04-11	19.35	19.4	19.6	19.3	409
2016-04-12	21.15	19.35	21.2	19.35	2751
2016-04-13	20.3	20.7	20.8	20.2	1931
2016-04-14	20.4	20.3	21.0	20.3	1122
2016-04-15	20.05	20.35	20.4	19.95	1439
2016-04-18	19.9	20.05	20.25	19.9	449
2016-04-19	20.0	20.0	20.25	19.95	713
2016-04-20	19.75	20.1	20.3	19.6	727
2016-04-21	19.65	19.8	20.0	19.65	710
2016-04-22	20.0	19.75	20.0	19.55	722
2016-04-25	20.0	20.2	20.55	19.95	1000
2016-04-26	20.05	20.0	20.15	19.8	545
2016-04-27	20.0	20.2	20.2	19.95	611
2016-04-28	19.9	20.1	20.2	19.9	697
2016-04-29	19.95	19.9	20.05	19.9	707
2016-05-03	19.9	20.05	20.1	19.9	1066
2016-05-04	19.85	20.0	20.05	19.85	796
2016-05-05	19.75	19.85	20.0	19.7	721
2016-05-06	19.8	19.75	19.9	19.75	377
2016-05-09	19.8	19.8	19.95	19.75	561
2016-05-10	19.85	19.8	19.95	19.8	528
2016-05-11	19.7	20.0	20.0	19.6	541
2016-05-12	19.1	19.65	19.7	19.0	1015
2016-05-13	18.6	19.1	19.1	18.25	1678
2016-05-16	18.15	18.5	18.5	18.15	707
2016-05-17	18.5	18.2	18.7	18.2	516
2016-05-18	18.25	18.5	18.7	18.15	528
2016-05-19	18.25	18.2	18.35	18.1	478
2016-05-20	18.35	18.2	18.55	18.15	349
2016-05-23	18.7	18.45	18.85	18.3	489
2016-05-24	18.55	18.55	18.7	18.5	347
2016-05-25	18.7	18.7	18.85	18.6	562
2016-05-26	18.8	18.8	18.95	18.7	674
2016-05-27	19.5	18.8	19.7	18.8	843
2016-05-30	19.75	19.6	19.95	19.3	1576
2016-05-31	20.3	19.8	20.5	19.8	1967
2016-06-01	20.3	20.25	20.35	20.1	720
2016-06-02	20.4	20.45	20.9	20.15	1046
2016-06-03	20.1	20.3	20.65	20.1	776
2016-06-04	20.2	20.1	20.5	20.1	393
2016-06-06	20.2	20.05	20.3	20.05	680
2016-06-07	20.15	20.25	20.45	20.15	1084
2016-06-08	20.1	20.15	20.25	20.05	926
2016-06-13	19.65	20.1	20.2	19.65	888
2016-06-14	19.95	19.75	20.15	19.75	978
2016-06-15	19.9	19.95	20.15	19.85	992
2016-06-16	20.5	19.95	20.7	19.95	1999
2016-06-17	20.35	20.55	20.75	20.35	1172
2016-06-20	20.6	20.65	20.65	20.35	863
2016-06-21	21.45	20.7	21.6	20.6	3237
2016-06-22	22.2	21.5	22.5	21.35	4926
2016-06-23	22.1	22.25	22.5	22.0	3372
2016-06-24	22.0	22.35	22.9	21.3	4244
2016-06-27	21.6	21.9	22.5	21.5	2813
2016-06-28	21.6	21.85	22.1	21.4	2239
2016-06-29	21.2	21.8	21.9	20.85	2037
2016-06-30	21.1	21.05	21.6	21.05	1423
2016-07-01	21.05	21.1	21.2	20.25	2027
2016-07-04	20.85	21.05	21.2	20.8	904
2016-07-05	20.35	20.65	20.7	20.3	1105
2016-07-06	20.45	20.35	20.8	20.3	1400
2016-07-07	20.45	20.5	20.6	20.3	905
2016-07-11	20.45	20.55	20.8	20.4	772
2016-07-12	20.45	20.45	20.7	20.35	716
2016-07-13	20.3	20.6	20.6	20.2	1215
2016-07-14	20.4	20.35	20.5	20.25	617
2016-07-15	20.25	20.35	20.6	20.2	1394
2016-07-18	20.75	20.3	20.75	20.2	1429
2016-07-19	20.7	20.75	20.85	20.5	746
2016-07-20	20.7	20.75	20.75	20.55	776
2016-07-21	20.5	20.85	20.85	20.5	1062
2016-07-22	20.2	20.4	20.5	20.15	1313
2016-07-25	20.05	20.2	20.3	20.0	626
2016-07-26	20.15	20.05	20.35	20.05	371
2016-07-27	20.1	20.25	20.4	20.1	566
2016-07-28	20.05	20.15	20.55	20.05	1461
2016-07-29	20.05	20.1	20.2	20.0	658
2016-08-01	20.15	20.05	20.5	20.05	568
2016-08-02	20.2	20.35	20.4	20.15	518
2016-08-03	20.1	20.15	20.4	20.1	764
2016-08-04	20.05	20.15	20.3	20.0	563
2016-08-05	20.1	20.25	20.25	20.0	601
2016-08-08	20.05	20.2	20.2	20.0	641
2016-08-09	20.0	20.3	20.3	20.0	398
2016-08-10	19.95	20.05	20.15	19.95	472
2016-08-11	20.25	19.95	20.25	19.8	1157
2016-08-12	20.1	20.15	20.25	20.05	406
2016-08-15	20.0	20.05	20.1	19.8	681
2016-08-16	19.7	19.9	20.0	19.5	1334
2016-08-17	19.3	19.7	19.7	19.1	1414
2016-08-18	19.8	19.25	19.8	19.25	656
2016-08-19	19.5	19.9	19.9	19.5	301
2016-08-22	19.35	19.5	19.6	19.3	327
2016-08-23	19.4	19.35	19.5	19.35	294
2016-08-24	19.4	19.3	19.7	19.3	436
2016-08-25	19.45	19.5	19.65	19.4	339
2016-08-26	19.5	19.5	19.55	19.35	361
2016-08-29	19.35	19.5	19.6	19.35	352
2016-08-30	19.25	19.45	19.45	19.25	455
2016-08-31	19.25	19.25	19.6	19.25	447
2016-09-01	19.1	19.3	19.35	19.05	707
2016-09-02	18.75	19.0	19.15	18.75	1200
2016-09-05	18.8	18.8	19.0	18.7	904
2016-09-06	19.1	18.8	19.1	18.6	932
2016-09-07	18.85	19.1	19.1	18.8	543
2016-09-08	18.8	18.85	19.0	18.75	693
2016-09-09	18.7	19.0	19.0	18.65	681
2016-09-10	18.55	18.5	18.7	18.45	838
2016-09-12	18.5	18.55	18.6	18.45	777
2016-09-13	18.45	18.5	18.65	18.4	869
2016-09-14	18.6	18.5	18.6	18.4	420
2016-09-19	18.45	18.5	18.6	18.4	607
2016-09-20	18.3	18.45	18.45	18.2	828
2016-09-21	18.2	18.3	18.3	18.05	892
2016-09-22	18.15	18.25	18.3	18.15	440
2016-09-23	18.1	18.2	18.25	18.05	748
2016-09-26	18.05	18.1	18.15	18.0	529
2016-09-29	18.0	18.15	18.15	18.0	622
2016-09-30	17.8	18.0	18.1	17.8	980
2016-10-03	17.6	17.8	17.9	17.5	1132
2016-10-04	17.5	17.6	17.6	17.4	838
2016-10-05	18.3	17.45	18.95	17.45	2235
2016-10-06	18.15	18.5	18.5	18.0	1019
2016-10-07	18.0	18.15	18.15	17.9	617
2016-10-11	17.8	18.0	18.15	17.75	677
2016-10-12	17.7	17.8	17.85	17.65	536
2016-10-13	17.95	17.7	18.1	17.7	556
2016-10-14	17.85	18.05	18.1	17.75	376
2016-10-17	17.8	17.85	17.9	17.75	395
2016-10-18	17.85	17.85	17.95	17.85	194
2016-10-19	18.0	18.0	18.05	17.85	321
2016-10-20	18.3	18.2	18.75	18.0	1718
2016-10-21	18.4	18.3	18.5	18.25	493
2016-10-24	18.1	18.4	18.4	18.05	510
2016-10-25	17.95	18.1	18.1	17.95	605
2016-10-26	17.9	18.0	18.05	17.9	378
2016-10-27	17.9	17.9	18.1	17.9	327
2016-10-28	17.9	17.9	17.95	17.85	292
2016-10-31	17.9	17.9	18.05	17.85	313
2016-11-01	18.05	17.9	18.35	17.9	718
2016-11-02	17.75	18.05	18.1	17.75	688
2016-11-03	17.5	17.65	17.75	17.5	764
2016-11-04	17.6	17.55	17.75	17.5	301
2016-11-07	17.55	17.55	17.7	17.5	773
2016-11-08	17.5	17.55	17.65	17.45	1260
2016-11-09	17.35	17.55	17.8	17.25	886
2016-11-10	17.65	17.4	17.75	17.4	614
2016-11-11	17.4	17.6	17.6	17.35	590
2016-11-14	17.3	17.5	17.5	17.25	641
2016-11-15	18.0	17.35	18.05	17.35	1191
2016-11-16	17.9	18.1	18.1	17.8	493
2016-11-17	17.7	17.9	17.9	17.6	420
2016-11-18	17.95	17.8	18.0	17.8	778
2016-11-21	17.9	17.95	17.95	17.8	311
2016-11-22	18.05	18.0	18.15	18.0	619
2016-11-23	18.0	18.1	18.1	17.85	583
2016-11-24	17.9	17.9	18.05	17.9	248
2016-11-25	17.8	17.95	18.0	17.8	194
2016-11-28	17.95	17.9	18.0	17.8	362
2016-11-29	17.95	17.95	18.05	17.9	174
2016-11-30	18.05	17.95	18.3	17.9	812
2016-12-01	18.15	18.2	18.25	18.05	751
2016-12-02	18.2	18.15	18.25	18.05	476
2016-12-05	18.15	18.2	18.25	18.15	521
2016-12-06	18.15	18.25	18.25	18.05	383
2016-12-07	18.15	18.1	18.2	18.05	317
2016-12-08	18.15	18.15	18.2	18.05	378
2016-12-09	18.1	18.1	18.2	18.1	314
2016-12-12	18.2	18.1	18.2	18.1	368
2016-12-13	18.15	18.15	18.2	18.05	412
2016-12-14	18.0	18.15	18.15	18.0	292
2016-12-15	17.9	18.0	18.1	17.85	350
2016-12-16	17.85	17.9	17.95	17.85	296
2016-12-19	17.7	17.8	17.9	17.65	490
2016-12-20	17.65	17.7	17.8	17.65	249
2016-12-21	17.65	17.65	17.8	17.6	345
2016-12-22	17.25	17.65	17.65	17.25	798
2016-12-23	17.2	17.25	17.4	16.75	2530
2016-12-26	17.4	17.2	17.45	17.2	296
2016-12-27	17.2	17.4	17.4	17.2	283
2016-12-28	17.3	17.35	17.35	17.2	130
2016-12-29	17.35	17.4	17.4	17.3	182
2016-12-30	17.5	17.35	17.55	17.35	366
